{
    "False": {
        "precision": 0.9353523587652883,
        "recall": 0.9686369119420989,
        "f1-score": 0.9517037037037037,
        "support": 1658.0
    },
    "True": {
        "precision": 0.7360406091370558,
        "recall": 0.56640625,
        "f1-score": 0.6401766004415012,
        "support": 256.0
    },
    "accuracy": 0.9148380355276907,
    "macro avg": {
        "precision": 0.835696483951172,
        "recall": 0.7675215809710494,
        "f1-score": 0.7959401520726024,
        "support": 1914.0
    },
    "weighted avg": {
        "precision": 0.9086941519184609,
        "recall": 0.9148380355276907,
        "f1-score": 0.9100365467365544,
        "support": 1914.0
    }
}